<ImportExportXml xmlns:xsi="http://www.w3.org/2001/XMLSchema-instance">
  <Entities></Entities>
  <Roles></Roles>
  <Workflows></Workflows>
  <FieldSecurityProfiles></FieldSecurityProfiles>
  <Templates />
  <EntityMaps />
  <EntityRelationships />
  <OrganizationSettings />
  <optionsets />
  <CustomControls />
  <EntityDataProviders />
  <CanvasApps>
    <CanvasApp>
      <Name>lr_materialdesigndemo_f83cf</Name>
      <AppVersion>2022-12-21T23:16:52Z</AppVersion>
      <Status>Ready</Status>
      <CreatedByClientVersion>3.22122.15.0</CreatedByClientVersion>
      <MinClientVersion>3.22122.15.0</MinClientVersion>
      <Tags>{"primaryDeviceWidth":"1920","primaryDeviceHeight":"950","supportsPortrait":"true","supportsLandscape":"true","primaryFormFactor":"Tablet","publisherVersion":"3.22122.15","minimumRequiredApiVersion":"2.2.0","hasComponent":"true","hasUnlockedComponent":"false","isUnifiedRootApp":"false","sienaVersion":"20221219T220102Z-3.22121.19.0"}</Tags>
      <IsCdsUpgraded>0</IsCdsUpgraded>
      <GalleryItemId xsi:nil="true"></GalleryItemId>
      <BackgroundColor>rgba(238, 238, 238, 1)</BackgroundColor>
      <DisplayName>Material Design Demo</DisplayName>
      <Description>You should update the App "OnStart" settings to your company's branding design &amp; use as a starting app for all future apps.</Description>
      <CommitMessage xsi:nil="true"></CommitMessage>
      <Publisher xsi:nil="true"></Publisher>
      <AuthorizationReferences>[]</AuthorizationReferences>
      <ConnectionReferences>{}</ConnectionReferences>
      <DatabaseReferences>{}</DatabaseReferences>
      <AppComponents>[]</AppComponents>
      <AppComponentDependencies>[{"appComponentName":"1b6a784b5209419899a8bbcf5dbecb35","appName":"7b729932-811e-4fe6-a067-9fbdc3c2d55f","appComponentLibraryName":"6aa318ff-fddb-4494-8253-f9a3b8e48cb2","appComponentLibraryVersion":"2022-12-21T23:01:00Z","appComponentLibraryLogicalName":"crfd0_materialdesign_d4b4d","environmentName":"default-d272d73f-5254-451e-b378-2104267b34bf"},{"appComponentName":"26f988f46bf847eea1599da063b4a296","appName":"7b729932-811e-4fe6-a067-9fbdc3c2d55f","appComponentLibraryName":"6aa318ff-fddb-4494-8253-f9a3b8e48cb2","appComponentLibraryVersion":"2022-12-21T23:01:00Z","appComponentLibraryLogicalName":"crfd0_materialdesign_d4b4d","environmentName":"default-d272d73f-5254-451e-b378-2104267b34bf"},{"appComponentName":"31b5d7d81ac3488b83f5f68e5ae9a0c9","appName":"7b729932-811e-4fe6-a067-9fbdc3c2d55f","appComponentLibraryName":"6aa318ff-fddb-4494-8253-f9a3b8e48cb2","appComponentLibraryVersion":"2022-12-21T23:01:00Z","appComponentLibraryLogicalName":"crfd0_materialdesign_d4b4d","environmentName":"default-d272d73f-5254-451e-b378-2104267b34bf"},{"appComponentName":"4be4a26509684a26a1d70809c00d501d","appName":"7b729932-811e-4fe6-a067-9fbdc3c2d55f","appComponentLibraryName":"6aa318ff-fddb-4494-8253-f9a3b8e48cb2","appComponentLibraryVersion":"2022-12-21T23:01:00Z","appComponentLibraryLogicalName":"crfd0_materialdesign_d4b4d","environmentName":"default-d272d73f-5254-451e-b378-2104267b34bf"},{"appComponentName":"63a27f8c45ac40b2b29af53e8c903f1a","appName":"7b729932-811e-4fe6-a067-9fbdc3c2d55f","appComponentLibraryName":"6aa318ff-fddb-4494-8253-f9a3b8e48cb2","appComponentLibraryVersion":"2022-12-21T23:01:00Z","appComponentLibraryLogicalName":"crfd0_materialdesign_d4b4d","environmentName":"default-d272d73f-5254-451e-b378-2104267b34bf"},{"appComponentName":"68e82e16e9aa452ea2f2531df3ec7472","appName":"7b729932-811e-4fe6-a067-9fbdc3c2d55f","appComponentLibraryName":"6aa318ff-fddb-4494-8253-f9a3b8e48cb2","appComponentLibraryVersion":"2022-12-21T23:01:00Z","appComponentLibraryLogicalName":"crfd0_materialdesign_d4b4d","environmentName":"default-d272d73f-5254-451e-b378-2104267b34bf"},{"appComponentName":"7e29a30b7ba34d18b3fa74e0aab6334b","appName":"7b729932-811e-4fe6-a067-9fbdc3c2d55f","appComponentLibraryName":"6aa318ff-fddb-4494-8253-f9a3b8e48cb2","appComponentLibraryVersion":"2022-12-21T23:01:00Z","appComponentLibraryLogicalName":"crfd0_materialdesign_d4b4d","environmentName":"default-d272d73f-5254-451e-b378-2104267b34bf"},{"appComponentName":"87bd74814c8a4ad6b8c81dd97b08e29a","appName":"7b729932-811e-4fe6-a067-9fbdc3c2d55f","appComponentLibraryName":"6aa318ff-fddb-4494-8253-f9a3b8e48cb2","appComponentLibraryVersion":"2022-12-21T23:01:00Z","appComponentLibraryLogicalName":"crfd0_materialdesign_d4b4d","environmentName":"default-d272d73f-5254-451e-b378-2104267b34bf"},{"appComponentName":"d5ab079be7274d008078e11ac93ba496","appName":"7b729932-811e-4fe6-a067-9fbdc3c2d55f","appComponentLibraryName":"6aa318ff-fddb-4494-8253-f9a3b8e48cb2","appComponentLibraryVersion":"2022-12-21T23:01:00Z","appComponentLibraryLogicalName":"crfd0_materialdesign_d4b4d","environmentName":"default-d272d73f-5254-451e-b378-2104267b34bf"},{"appComponentName":"d5b2cbb0c1ed45b1b825220e3e013e38","appName":"7b729932-811e-4fe6-a067-9fbdc3c2d55f","appComponentLibraryName":"6aa318ff-fddb-4494-8253-f9a3b8e48cb2","appComponentLibraryVersion":"2022-12-21T23:01:00Z","appComponentLibraryLogicalName":"crfd0_materialdesign_d4b4d","environmentName":"default-d272d73f-5254-451e-b378-2104267b34bf"},{"appComponentName":"d5d2091c2e864abcb8c86361164115f7","appName":"7b729932-811e-4fe6-a067-9fbdc3c2d55f","appComponentLibraryName":"6aa318ff-fddb-4494-8253-f9a3b8e48cb2","appComponentLibraryVersion":"2022-12-21T23:01:00Z","appComponentLibraryLogicalName":"crfd0_materialdesign_d4b4d","environmentName":"default-d272d73f-5254-451e-b378-2104267b34bf"},{"appComponentName":"d907fab5a4b140cd938795f8d46b9a61","appName":"7b729932-811e-4fe6-a067-9fbdc3c2d55f","appComponentLibraryName":"6aa318ff-fddb-4494-8253-f9a3b8e48cb2","appComponentLibraryVersion":"2022-12-21T23:01:00Z","appComponentLibraryLogicalName":"crfd0_materialdesign_d4b4d","environmentName":"default-d272d73f-5254-451e-b378-2104267b34bf"},{"appComponentName":"da2d3aa7c5144c2283af9b8cda689e71","appName":"7b729932-811e-4fe6-a067-9fbdc3c2d55f","appComponentLibraryName":"6aa318ff-fddb-4494-8253-f9a3b8e48cb2","appComponentLibraryVersion":"2022-12-21T23:01:00Z","appComponentLibraryLogicalName":"crfd0_materialdesign_d4b4d","environmentName":"default-d272d73f-5254-451e-b378-2104267b34bf"},{"appComponentName":"dfd30def668544d89545cf26305fc1ac","appName":"7b729932-811e-4fe6-a067-9fbdc3c2d55f","appComponentLibraryName":"6aa318ff-fddb-4494-8253-f9a3b8e48cb2","appComponentLibraryVersion":"2022-12-21T23:01:00Z","appComponentLibraryLogicalName":"crfd0_materialdesign_d4b4d","environmentName":"default-d272d73f-5254-451e-b378-2104267b34bf"},{"appComponentName":"e8e064b670974778a79b19eb89a5f5d0","appName":"7b729932-811e-4fe6-a067-9fbdc3c2d55f","appComponentLibraryName":"6aa318ff-fddb-4494-8253-f9a3b8e48cb2","appComponentLibraryVersion":"2022-12-21T23:01:00Z","appComponentLibraryLogicalName":"crfd0_materialdesign_d4b4d","environmentName":"default-d272d73f-5254-451e-b378-2104267b34bf"},{"appComponentName":"fa44e3bd90814b37964e20084938a528","appName":"7b729932-811e-4fe6-a067-9fbdc3c2d55f","appComponentLibraryName":"6aa318ff-fddb-4494-8253-f9a3b8e48cb2","appComponentLibraryVersion":"2022-12-21T23:01:00Z","appComponentLibraryLogicalName":"crfd0_materialdesign_d4b4d","environmentName":"default-d272d73f-5254-451e-b378-2104267b34bf"}]</AppComponentDependencies>
      <CanConsumeAppPass>1</CanConsumeAppPass>
      <CanvasAppType>0</CanvasAppType>
      <BypassConsent>0</BypassConsent>
      <AdminControlBypassConsent>0</AdminControlBypassConsent>
      <EmbeddedApp xsi:nil="true"></EmbeddedApp>
      <IntroducedVersion>1.0</IntroducedVersion>
      <CdsDependencies>{"cdsdependencies":[{"logicalname":"crfd0_materialdesign_d4b4d","componenttype":300,"componenttypeplatformname":"CanvasApp"}]}</CdsDependencies>
      <IsCustomizable>1</IsCustomizable>
      <BackgroundImageUri>/CanvasApps/lr_materialdesigndemo_f83cf_BackgroundImageUri</BackgroundImageUri>
      <DocumentUri>/CanvasApps/lr_materialdesigndemo_f83cf_DocumentUri.msapp</DocumentUri>
    </CanvasApp>
    <CanvasApp>
      <Name>crfd0_materialdesign_d4b4d</Name>
      <AppVersion>2022-12-21T23:01:00Z</AppVersion>
      <Status>Ready</Status>
      <CreatedByClientVersion>3.22122.15.0</CreatedByClientVersion>
      <MinClientVersion>3.22122.15.0</MinClientVersion>
      <Tags>{"primaryDeviceWidth":"1000","primaryDeviceHeight":"1000","supportsPortrait":"true","supportsLandscape":"true","primaryFormFactor":"Phone","publisherVersion":"3.22122.15","minimumRequiredApiVersion":"2.2.0","hasComponent":"true","hasUnlockedComponent":"true","isUnifiedRootApp":"false","sienaVersion":"20221220T215003Z-3.22122.15.0"}</Tags>
      <IsCdsUpgraded>0</IsCdsUpgraded>
      <GalleryItemId xsi:nil="true"></GalleryItemId>
      <BackgroundColor>RGBA(251,101,60,255)</BackgroundColor>
      <DisplayName>MaterialDesign</DisplayName>
      <Description xsi:nil="true"></Description>
      <CommitMessage xsi:nil="true"></CommitMessage>
      <Publisher xsi:nil="true"></Publisher>
      <AuthorizationReferences>[]</AuthorizationReferences>
      <ConnectionReferences>{}</ConnectionReferences>
      <DatabaseReferences>{}</DatabaseReferences>
      <AppComponents>[{"appComponentName":"31b5d7d81ac3488b83f5f68e5ae9a0c9","displayName":"cmp_MD_AppBar_top","appName":"6aa318ff-fddb-4494-8253-f9a3b8e48cb2","appVersion":"2022-12-21T23:01:00Z","appComponentLibraryLogicalName":"crfd0_materialdesign_d4b4d","appDisplayName":"MaterialDesign","environmentName":"default-d272d73f-5254-451e-b378-2104267b34bf","owner":{"id":"4faa3ee4-a738-435f-91e4-c70cb50884f3","displayName":"Robin Rosengrün","email":"rrosen@r2pi.onmicrosoft.com","type":"User","tenantId":"d272d73f-5254-451e-b378-2104267b34bf","userPrincipalName":"rrosen@r2pi.onmicrosoft.com"},"allowCustomization":true,"createdOn":"2022-08-31T20:10:25.996Z","lastModifiedOn":"2022-12-21T22:56:33.294Z","connectionReferences":{},"databaseReferences":{}},{"appComponentName":"87bd74814c8a4ad6b8c81dd97b08e29a","displayName":"cmp_MD_Banner","appName":"6aa318ff-fddb-4494-8253-f9a3b8e48cb2","appVersion":"2022-12-21T23:01:00Z","appComponentLibraryLogicalName":"crfd0_materialdesign_d4b4d","appDisplayName":"MaterialDesign","environmentName":"default-d272d73f-5254-451e-b378-2104267b34bf","owner":{"id":"4faa3ee4-a738-435f-91e4-c70cb50884f3","displayName":"Robin Rosengrün","email":"rrosen@r2pi.onmicrosoft.com","type":"User","tenantId":"d272d73f-5254-451e-b378-2104267b34bf","userPrincipalName":"rrosen@r2pi.onmicrosoft.com"},"allowCustomization":true,"createdOn":"2022-08-31T20:10:25.996Z","lastModifiedOn":"2022-12-21T22:56:33.294Z","connectionReferences":{},"databaseReferences":{}},{"appComponentName":"e8e064b670974778a79b19eb89a5f5d0","displayName":"cmp_MD_Bottom_Navigation","appName":"6aa318ff-fddb-4494-8253-f9a3b8e48cb2","appVersion":"2022-12-21T23:01:00Z","appComponentLibraryLogicalName":"crfd0_materialdesign_d4b4d","appDisplayName":"MaterialDesign","environmentName":"default-d272d73f-5254-451e-b378-2104267b34bf","owner":{"id":"4faa3ee4-a738-435f-91e4-c70cb50884f3","displayName":"Robin Rosengrün","email":"rrosen@r2pi.onmicrosoft.com","type":"User","tenantId":"d272d73f-5254-451e-b378-2104267b34bf","userPrincipalName":"rrosen@r2pi.onmicrosoft.com"},"allowCustomization":true,"createdOn":"2022-08-31T20:10:25.996Z","lastModifiedOn":"2022-12-21T22:56:33.294Z","connectionReferences":{},"databaseReferences":{}},{"appComponentName":"d5d2091c2e864abcb8c86361164115f7","displayName":"cmp_MD_Button","appName":"6aa318ff-fddb-4494-8253-f9a3b8e48cb2","appVersion":"2022-12-21T23:01:00Z","appComponentLibraryLogicalName":"crfd0_materialdesign_d4b4d","appDisplayName":"MaterialDesign","environmentName":"default-d272d73f-5254-451e-b378-2104267b34bf","owner":{"id":"4faa3ee4-a738-435f-91e4-c70cb50884f3","displayName":"Robin Rosengrün","email":"rrosen@r2pi.onmicrosoft.com","type":"User","tenantId":"d272d73f-5254-451e-b378-2104267b34bf","userPrincipalName":"rrosen@r2pi.onmicrosoft.com"},"allowCustomization":true,"createdOn":"2022-08-31T20:10:25.996Z","lastModifiedOn":"2022-12-21T22:56:33.294Z","connectionReferences":{},"databaseReferences":{}},{"appComponentName":"dfd30def668544d89545cf26305fc1ac","displayName":"cmp_MD_Checkbox","appName":"6aa318ff-fddb-4494-8253-f9a3b8e48cb2","appVersion":"2022-12-21T23:01:00Z","appComponentLibraryLogicalName":"crfd0_materialdesign_d4b4d","appDisplayName":"MaterialDesign","environmentName":"default-d272d73f-5254-451e-b378-2104267b34bf","owner":{"id":"4faa3ee4-a738-435f-91e4-c70cb50884f3","displayName":"Robin Rosengrün","email":"rrosen@r2pi.onmicrosoft.com","type":"User","tenantId":"d272d73f-5254-451e-b378-2104267b34bf","userPrincipalName":"rrosen@r2pi.onmicrosoft.com"},"allowCustomization":true,"createdOn":"2022-08-31T20:10:25.996Z","lastModifiedOn":"2022-12-21T22:56:33.294Z","connectionReferences":{},"databaseReferences":{}},{"appComponentName":"d907fab5a4b140cd938795f8d46b9a61","displayName":"cmp_MD_ContrastChecker","appName":"6aa318ff-fddb-4494-8253-f9a3b8e48cb2","appVersion":"2022-12-21T23:01:00Z","appComponentLibraryLogicalName":"crfd0_materialdesign_d4b4d","appDisplayName":"MaterialDesign","environmentName":"default-d272d73f-5254-451e-b378-2104267b34bf","owner":{"id":"4faa3ee4-a738-435f-91e4-c70cb50884f3","displayName":"Robin Rosengrün","email":"rrosen@r2pi.onmicrosoft.com","type":"User","tenantId":"d272d73f-5254-451e-b378-2104267b34bf","userPrincipalName":"rrosen@r2pi.onmicrosoft.com"},"allowCustomization":true,"createdOn":"2022-08-31T20:10:25.996Z","lastModifiedOn":"2022-12-21T22:56:33.294Z","connectionReferences":{},"databaseReferences":{}},{"appComponentName":"da2d3aa7c5144c2283af9b8cda689e71","displayName":"cmp_MD_Dialog","appName":"6aa318ff-fddb-4494-8253-f9a3b8e48cb2","appVersion":"2022-12-21T23:01:00Z","appComponentLibraryLogicalName":"crfd0_materialdesign_d4b4d","appDisplayName":"MaterialDesign","environmentName":"default-d272d73f-5254-451e-b378-2104267b34bf","owner":{"id":"4faa3ee4-a738-435f-91e4-c70cb50884f3","displayName":"Robin Rosengrün","email":"rrosen@r2pi.onmicrosoft.com","type":"User","tenantId":"d272d73f-5254-451e-b378-2104267b34bf","userPrincipalName":"rrosen@r2pi.onmicrosoft.com"},"allowCustomization":true,"createdOn":"2022-08-31T20:10:25.996Z","lastModifiedOn":"2022-12-21T22:56:33.294Z","connectionReferences":{},"databaseReferences":{}},{"appComponentName":"63a27f8c45ac40b2b29af53e8c903f1a","displayName":"cmp_MD_GenericInputFrame","appName":"6aa318ff-fddb-4494-8253-f9a3b8e48cb2","appVersion":"2022-12-21T23:01:00Z","appComponentLibraryLogicalName":"crfd0_materialdesign_d4b4d","appDisplayName":"MaterialDesign","environmentName":"default-d272d73f-5254-451e-b378-2104267b34bf","owner":{"id":"4faa3ee4-a738-435f-91e4-c70cb50884f3","displayName":"Robin Rosengrün","email":"rrosen@r2pi.onmicrosoft.com","type":"User","tenantId":"d272d73f-5254-451e-b378-2104267b34bf","userPrincipalName":"rrosen@r2pi.onmicrosoft.com"},"allowCustomization":true,"createdOn":"2022-08-31T20:10:25.996Z","lastModifiedOn":"2022-12-21T22:56:33.294Z","connectionReferences":{},"databaseReferences":{}},{"appComponentName":"68e82e16e9aa452ea2f2531df3ec7472","displayName":"cmp_MD_Navigation_Drawer","appName":"6aa318ff-fddb-4494-8253-f9a3b8e48cb2","appVersion":"2022-12-21T23:01:00Z","appComponentLibraryLogicalName":"crfd0_materialdesign_d4b4d","appDisplayName":"MaterialDesign","environmentName":"default-d272d73f-5254-451e-b378-2104267b34bf","owner":{"id":"4faa3ee4-a738-435f-91e4-c70cb50884f3","displayName":"Robin Rosengrün","email":"rrosen@r2pi.onmicrosoft.com","type":"User","tenantId":"d272d73f-5254-451e-b378-2104267b34bf","userPrincipalName":"rrosen@r2pi.onmicrosoft.com"},"allowCustomization":true,"createdOn":"2022-08-31T20:10:25.996Z","lastModifiedOn":"2022-12-21T22:56:33.294Z","connectionReferences":{},"databaseReferences":{}},{"appComponentName":"d5b2cbb0c1ed45b1b825220e3e013e38","displayName":"cmp_MD_ProgressIndicator","appName":"6aa318ff-fddb-4494-8253-f9a3b8e48cb2","appVersion":"2022-12-21T23:01:00Z","appComponentLibraryLogicalName":"crfd0_materialdesign_d4b4d","appDisplayName":"MaterialDesign","environmentName":"default-d272d73f-5254-451e-b378-2104267b34bf","owner":{"id":"4faa3ee4-a738-435f-91e4-c70cb50884f3","displayName":"Robin Rosengrün","email":"rrosen@r2pi.onmicrosoft.com","type":"User","tenantId":"d272d73f-5254-451e-b378-2104267b34bf","userPrincipalName":"rrosen@r2pi.onmicrosoft.com"},"allowCustomization":true,"createdOn":"2022-08-31T20:10:25.996Z","lastModifiedOn":"2022-12-21T22:56:33.294Z","connectionReferences":{},"databaseReferences":{}},{"appComponentName":"1b6a784b5209419899a8bbcf5dbecb35","displayName":"cmp_MD_SideSheet","appName":"6aa318ff-fddb-4494-8253-f9a3b8e48cb2","appVersion":"2022-12-21T23:01:00Z","appComponentLibraryLogicalName":"crfd0_materialdesign_d4b4d","appDisplayName":"MaterialDesign","environmentName":"default-d272d73f-5254-451e-b378-2104267b34bf","owner":{"id":"4faa3ee4-a738-435f-91e4-c70cb50884f3","displayName":"Robin Rosengrün","email":"rrosen@r2pi.onmicrosoft.com","type":"User","tenantId":"d272d73f-5254-451e-b378-2104267b34bf","userPrincipalName":"rrosen@r2pi.onmicrosoft.com"},"allowCustomization":true,"createdOn":"2022-08-31T20:10:25.996Z","lastModifiedOn":"2022-12-21T22:56:33.294Z","connectionReferences":{},"databaseReferences":{}},{"appComponentName":"26f988f46bf847eea1599da063b4a296","displayName":"cmp_MD_Slider","appName":"6aa318ff-fddb-4494-8253-f9a3b8e48cb2","appVersion":"2022-12-21T23:01:00Z","appComponentLibraryLogicalName":"crfd0_materialdesign_d4b4d","appDisplayName":"MaterialDesign","environmentName":"default-d272d73f-5254-451e-b378-2104267b34bf","owner":{"id":"4faa3ee4-a738-435f-91e4-c70cb50884f3","displayName":"Robin Rosengrün","email":"rrosen@r2pi.onmicrosoft.com","type":"User","tenantId":"d272d73f-5254-451e-b378-2104267b34bf","userPrincipalName":"rrosen@r2pi.onmicrosoft.com"},"allowCustomization":true,"createdOn":"2022-08-31T20:10:25.996Z","lastModifiedOn":"2022-12-21T22:56:33.294Z","connectionReferences":{},"databaseReferences":{}},{"appComponentName":"fa44e3bd90814b37964e20084938a528","displayName":"cmp_MD_Snackbar","appName":"6aa318ff-fddb-4494-8253-f9a3b8e48cb2","appVersion":"2022-12-21T23:01:00Z","appComponentLibraryLogicalName":"crfd0_materialdesign_d4b4d","appDisplayName":"MaterialDesign","environmentName":"default-d272d73f-5254-451e-b378-2104267b34bf","owner":{"id":"4faa3ee4-a738-435f-91e4-c70cb50884f3","displayName":"Robin Rosengrün","email":"rrosen@r2pi.onmicrosoft.com","type":"User","tenantId":"d272d73f-5254-451e-b378-2104267b34bf","userPrincipalName":"rrosen@r2pi.onmicrosoft.com"},"allowCustomization":true,"createdOn":"2022-08-31T20:10:25.996Z","lastModifiedOn":"2022-12-21T22:56:33.294Z","connectionReferences":{},"databaseReferences":{}},{"appComponentName":"4be4a26509684a26a1d70809c00d501d","displayName":"cmp_MD_Timepicker","appName":"6aa318ff-fddb-4494-8253-f9a3b8e48cb2","appVersion":"2022-12-21T23:01:00Z","appComponentLibraryLogicalName":"crfd0_materialdesign_d4b4d","appDisplayName":"MaterialDesign","environmentName":"default-d272d73f-5254-451e-b378-2104267b34bf","owner":{"id":"4faa3ee4-a738-435f-91e4-c70cb50884f3","displayName":"Robin Rosengrün","email":"rrosen@r2pi.onmicrosoft.com","type":"User","tenantId":"d272d73f-5254-451e-b378-2104267b34bf","userPrincipalName":"rrosen@r2pi.onmicrosoft.com"},"allowCustomization":true,"createdOn":"2022-08-31T20:10:25.996Z","lastModifiedOn":"2022-12-21T22:56:33.294Z","connectionReferences":{},"databaseReferences":{}},{"appComponentName":"7e29a30b7ba34d18b3fa74e0aab6334b","displayName":"cmp_MD_Textinput","appName":"6aa318ff-fddb-4494-8253-f9a3b8e48cb2","appVersion":"2022-12-21T23:01:00Z","appComponentLibraryLogicalName":"crfd0_materialdesign_d4b4d","appDisplayName":"MaterialDesign","environmentName":"default-d272d73f-5254-451e-b378-2104267b34bf","owner":{"id":"4faa3ee4-a738-435f-91e4-c70cb50884f3","displayName":"Robin Rosengrün","email":"rrosen@r2pi.onmicrosoft.com","type":"User","tenantId":"d272d73f-5254-451e-b378-2104267b34bf","userPrincipalName":"rrosen@r2pi.onmicrosoft.com"},"allowCustomization":true,"createdOn":"2022-08-31T20:10:25.996Z","lastModifiedOn":"2022-12-21T22:56:33.294Z","connectionReferences":{},"databaseReferences":{}},{"appComponentName":"d5ab079be7274d008078e11ac93ba496","displayName":"cmp_MD_Toggle","appName":"6aa318ff-fddb-4494-8253-f9a3b8e48cb2","appVersion":"2022-12-21T23:01:00Z","appComponentLibraryLogicalName":"crfd0_materialdesign_d4b4d","appDisplayName":"MaterialDesign","environmentName":"default-d272d73f-5254-451e-b378-2104267b34bf","owner":{"id":"4faa3ee4-a738-435f-91e4-c70cb50884f3","displayName":"Robin Rosengrün","email":"rrosen@r2pi.onmicrosoft.com","type":"User","tenantId":"d272d73f-5254-451e-b378-2104267b34bf","userPrincipalName":"rrosen@r2pi.onmicrosoft.com"},"allowCustomization":true,"createdOn":"2022-08-31T20:10:25.996Z","lastModifiedOn":"2022-12-21T22:56:33.294Z","connectionReferences":{},"databaseReferences":{}}]</AppComponents>
      <AppComponentDependencies>[]</AppComponentDependencies>
      <CanConsumeAppPass>1</CanConsumeAppPass>
      <CanvasAppType>1</CanvasAppType>
      <BypassConsent>0</BypassConsent>
      <AdminControlBypassConsent>0</AdminControlBypassConsent>
      <EmbeddedApp xsi:nil="true"></EmbeddedApp>
      <IntroducedVersion>1.0</IntroducedVersion>
      <CdsDependencies>{"cdsdependencies":[]}</CdsDependencies>
      <IsCustomizable>1</IsCustomizable>
      <BackgroundImageUri>/CanvasApps/crfd0_materialdesign_d4b4d_BackgroundImageUri</BackgroundImageUri>
      <DocumentUri>/CanvasApps/crfd0_materialdesign_d4b4d_DocumentUri.msapp</DocumentUri>
    </CanvasApp>
  </CanvasApps>
  <Languages>
    <Language>1031</Language>
  </Languages>
</ImportExportXml>